{"Dabir_MSI_MLH1":234,"Dabir_N_MLH1":288,"Dabir_MSI_MSH2":162,"Dabir_N_MSH2":221,"Dabir_MSI_MSH6":14,"Dabir_N_MSH6":33,"log_risk_ratio_under60":-0.22493,"se_log_risk_ratio_under60":0.088916,"log_risk_ratio_lowrisk":-0.31429,"se_log_risk_ratio_lowrisk":0.117744,"norm_lr":[[0,0,0,0,0,0,0,0,0,0,0,0,0,0,0,0,0,0,0,0,0,0,0,0,0,0,0,0,0,0,0,0,0,0,0.00201,0.00201,0.00201,0.00201,0.00201,0.00201,0.00201,0.00201,0.00201,0.00201,0.0268,0.0268,0.0268,0.0268,0.0268,0.0268,0.0268,0.0268,0.0268,0.0268,0.0149,0.0149,0.0149,0.0149,0.0149,0.0149,0.0149,0.0149,0.0149,0.0149,0.00817,0.00817,0.00817,0.00817,0.00817,0.00817,0.00817,0.00817,0.00817,0.00817,0.00463,0.00463,0.00463,0.00463,0.00463,0.00463,0.00463,0.00463,0.00463,0.00463,0.00315,0.00315,0.00315,0.00315,0.00315,0.00315,0.00315,0.00315,0.00315,0.00315,0.00315,0.00315,0.00315,0.00315,0.00315,0.00315],[0,0,0,0,0,0,0,0,0,0,0,0,0,0,0,0,0,0,0,0,0,0,0,0,0,0,0,0,0,0,0,0,0,0,0.00115,0.00115,0.00115,0.00115,0.00115,0.00115,0.00115,0.00115,0.00115,0.00115,0.0162,0.0162,0.0162,0.0162,0.0162,0.0162,0.0162,0.0162,0.0162,0.0162,0.0115,0.0115,0.0115,0.0115,0.0115,0.0115,0.0115,0.0115,0.0115,0.0115,0.00828,0.00828,0.00828,0.00828,0.00828,0.00828,0.00828,0.00828,0.00828,0.00828,0.00401,0.00401,0.00401,0.00401,0.00401,0.00401,0.00401,0.00401,0.00401,0.00401,0.00305,0.00305,0.00305,0.00305,0.00305,0.00305,0.00305,0.00305,0.00305,0.00305,0.00305,0.00305,0.00305,0.00305,0.00305,0.00305]],"lr_hr":[[0,0,0,0,0,0,0,0,0,0,0,0,0,0,0,0,0,0,0,0,0,0,0,0,0,0,0,0,0,0,0,0,0,0,0.0282,0.0282,0.0282,0.0282,0.0282,0.0282,0.0282,0.0282,0.0282,0.0282,0.0313,0.0313,0.0313,0.0313,0.0313,0.0313,0.0313,0.0313,0.0313,0.0313,0.0206,0.0206,0.0206,0.0206,0.0206,0.0206,0.0206,0.0206,0.0206,0.0206,0.0121,0.0121,0.0121,0.0121,0.0121,0.0121,0.0121,0.0121,0.0121,0.0121,0.0155,0.0155,0.0155,0.0155,0.0155,0.0155,0.0155,0.0155,0.0155,0.0155,0.00927,0.00927,0.00927,0.00927,0.00927,0.00927,0.00927,0.00927,0.00927,0.00927,0.00927,0.00927,0.00927,0.00927,0.00927,0.00927],[0,0,0,0,0,0,0,0,0,0,0,0,0,0,0,0,0,0,0,0,0,0,0,0,0,0,0,0,0,0,0,0,0,0,0.0175,0.0175,0.0175,0.0175,0.0175,0.0175,0.0175,0.0175,0.0175,0.0175,0.0285,0.0285,0.0285,0.0285,0.0285,0.0285,0.0285,0.0285,0.0285,0.0285,0.0145,0.0145,0.0145,0.0145,0.0145,0.0145,0.0145,0.0145,0.0145,0.0145,0.0144,0.0144,0.0144,0.0144,0.0144,0.0144,0.0144,0.0144,0.0144,0.0144,0.0199,0.0199,0.0199,0.0199,0.0199,0.0199,0.0199,0.0199,0.0199,0.0199,0.0114,0.0114,0.0114,0.0114,0.0114,0.0114,0.0114,0.0114,0.0114,0.0114,0.0114,0.0114,0.0114,0.0114,0.0114,0.0114]],"hr_crc":[[0,0,0,0,0,0,0,0,0,0,0,0,0,0,0,0,0,0,0,0,0,0,0,0,0,0,0,0,0,0,0,0,0,0,0.00924,0.00924,0.00924,0.00924,0.00924,0.00924,0.00924,0.00924,0.00924,0.00924,0.0163,0.0163,0.0163,0.0163,0.0163,0.0163,0.0163,0.0163,0.0163,0.0163,0.0181,0.0181,0.0181,0.0181,0.0181,0.0181,0.0181,0.0181,0.0181,0.0181,0.0284,0.0284,0.0284,0.0284,0.0284,0.0284,0.0284,0.0284,0.0284,0.0284,0.0502,0.0502,0.0502,0.0502,0.0502,0.0502,0.0502,0.0502,0.0502,0.0502,0.0352,0.0352,0.0352,0.0352,0.0352,0.0352,0.0352,0.0352,0.0352,0.0352,0.0352,0.0352,0.0352,0.0352,0.0352,0.0352],[0,0,0,0,0,0,0,0,0,0,0,0,0,0,0,0,0,0,0,0,0,0,0,0,0,0,0,0,0,0,0,0,0,0,0.00469,0.00469,0.00469,0.00469,0.00469,0.00469,0.00469,0.00469,0.00469,0.00469,0.0208,0.0208,0.0208,0.0208,0.0208,0.0208,0.0208,0.0208,0.0208,0.0208,0.0272,0.0272,0.0272,0.0272,0.0272,0.0272,0.0272,0.0272,0.0272,0.0272,0.0359,0.0359,0.0359,0.0359,0.0359,0.0359,0.0359,0.0359,0.0359,0.0359,0.065,0.065,0.065,0.065,0.065,0.065,0.065,0.065,0.065,0.065,0.0531,0.0531,0.0531,0.0531,0.0531,0.0531,0.0531,0.0531,0.0531,0.0531,0.0531,0.0531,0.0531,0.0531,0.0531,0.0531]],"serrated_max":[0.000577,0.000574],"progression_AB":0.293,"progression_BC":0.554,"progression_CD":0.35,"presentation_A":0.0203,"presentation_B":0.143,"presentation_C":0.274,"presentation_D":0.25,"col_sens_lr":0.7651,"col_sens_hr":0.9791,"col_sens_crc":0.9656,"PLSD_exposure_MLH1_male":[550,887,985,998,824,605,422,271,181,106,40],"PLSD_crc_MLH1_male":[5,11,14,21,20,13,7,5,2,2,0],"PLSD_exposure_MSH2_male":[388,617,749,762,703,564,398,232,131,101,52],"PLSD_crc_MSH2_male":[2,3,8,9,5,12,8,3,3,2,0],"PLSD_exposure_MSH6_male":[64,132,189,208,173,141,178,156,103,66,34],"PLSD_crc_MSH6_male":[0,1,1,0,0,0,1,1,0,1,1],"PLSD_exposure_MLH1_female":[683,942,1099,1214,1128,958,719,530,343,194,124],"PLSD_crc_MLH1_female":[0,9,17,15,10,15,11,11,6,3,3],"PLSD_exposure_MSH2_female":[523,713,892,931,922,876,812,627,416,238,119],"PLSD_crc_MSH2_female":[2,5,3,10,10,13,7,16,8,4,4],"PLSD_exposure_MSH6_female":[69,132,198,251,278,325,311,260,180,118,81],"PLSD_crc_MSH6_female":[0,0,1,1,0,1,2,4,2,0,1],"PLSD_exposure_PMS2":[48,74,138,140,148,176,213,204,145,67,25],"PLSD_crc_PMS2":[0,0,0,0,0,0,0,0,1,1,0],"Germany_N":387,"Germany_sex":[154,233],"Germany_genotype":[127,201,59],"Germany_age_index_mean":40.9,"Germany_age_index_sd":12,"Germany_index_findings":[305,49,11],"Germany_fu_colonoscopies":1929,"Germany_fu_adenomas":299,"Germany_fu_crc":[61,17,16,1],"Netherlands_N":646,"Netherlands_sex":[255,391],"Netherlands_genotype":[218,276,152],"Netherlands_age_index_mean":41.3,"Netherlands_age_index_sd":12.5,"Netherlands_index_findings":[550,55,8],"Netherlands_fu_colonoscopies":3551,"Netherlands_fu_adenomas":554,"Netherlands_fu_crc":[39,21,6,3],"Finland_N":676,"Finland_sex":[320,356],"Finland_genotype":[536,104,36],"Finland_age_index_mean":39,"Finland_age_index_sd":13.4,"Finland_index_findings":[582,74,20],"Finland_fu_colonoscopies":2539,"Finland_fu_adenomas":396,"Finland_fu_crc":[53,18,6,1]}
